<?xml version="1.0" encoding="UTF-8"?>
<reportUnit exportedWithPermissions="false">
    <folder>/bi_contabil</folder>
    <name>balancete_user</name>
    <version>3</version>
    <label>balancete_user</label>
    <description>Balancete de acordo com o plano de contas do usuário</description>
    <creationDate>2019-08-10T22:34:54.000Z</creationDate>
    <updateDate>2019-09-12T01:51:40.000Z</updateDate>
    <mainReport>
        <localResource
            xmlns:xsi="http://www.w3.org/2001/XMLSchema-instance"
            exportedWithPermissions="false" dataFile="main_jrxml.data" xsi:type="fileResource">
            <folder>/bi_contabil/balancete_user_files</folder>
            <name>main_jrxml</name>
            <version>1</version>
            <label>Main jrxml</label>
            <creationDate>2019-09-12T01:51:40.000Z</creationDate>
            <updateDate>2019-09-12T01:51:40.000Z</updateDate>
            <fileType>jrxml</fileType>
        </localResource>
    </mainReport>
    <dataSource>
        <uri>/conexoes_banco/diario_unificado</uri>
    </dataSource>
    <inputControl>
        <localResource
            xmlns:xsi="http://www.w3.org/2001/XMLSchema-instance"
            exportedWithPermissions="false" xsi:type="inputControl">
            <folder>/bi_contabil/balancete_user_files</folder>
            <name>CNPJ</name>
            <version>1</version>
            <label>CNPJ</label>
            <creationDate>2019-09-12T01:51:40.000Z</creationDate>
            <updateDate>2019-09-12T01:51:40.000Z</updateDate>
            <type>2</type>
            <mandatory>false</mandatory>
            <readOnly>false</readOnly>
            <visible>true</visible>
            <dataType>
                <localResource exportedWithPermissions="false" xsi:type="dataType">
                    <folder>/bi_contabil/balancete_user_files/CNPJ_files</folder>
                    <name>myDatatype</name>
                    <version>0</version>
                    <label>myDatatype</label>
                    <creationDate>2019-09-12T01:51:40.000Z</creationDate>
                    <updateDate>2019-09-12T01:51:40.000Z</updateDate>
                    <type>1</type>
                    <strictMin>false</strictMin>
                    <strictMax>false</strictMax>
                </localResource>
            </dataType>
        </localResource>
    </inputControl>
    <inputControl>
        <localResource
            xmlns:xsi="http://www.w3.org/2001/XMLSchema-instance"
            exportedWithPermissions="false" xsi:type="inputControl">
            <folder>/bi_contabil/balancete_user_files</folder>
            <name>nome_empresa</name>
            <version>1</version>
            <label>nome_empresa</label>
            <creationDate>2019-09-12T01:51:40.000Z</creationDate>
            <updateDate>2019-09-12T01:51:40.000Z</updateDate>
            <type>2</type>
            <mandatory>false</mandatory>
            <readOnly>false</readOnly>
            <visible>true</visible>
            <dataType>
                <localResource exportedWithPermissions="false" xsi:type="dataType">
                    <folder>/bi_contabil/balancete_user_files/nome_empresa_files</folder>
                    <name>myDatatype</name>
                    <version>0</version>
                    <label>myDatatype</label>
                    <creationDate>2019-09-12T01:51:40.000Z</creationDate>
                    <updateDate>2019-09-12T01:51:40.000Z</updateDate>
                    <type>1</type>
                    <strictMin>false</strictMin>
                    <strictMax>false</strictMax>
                </localResource>
            </dataType>
        </localResource>
    </inputControl>
    <inputControl>
        <localResource
            xmlns:xsi="http://www.w3.org/2001/XMLSchema-instance"
            exportedWithPermissions="false" xsi:type="inputControl">
            <folder>/bi_contabil/balancete_user_files</folder>
            <name>data_inicial</name>
            <version>1</version>
            <label>data_inicial</label>
            <creationDate>2019-09-12T01:51:40.000Z</creationDate>
            <updateDate>2019-09-12T01:51:40.000Z</updateDate>
            <type>2</type>
            <mandatory>false</mandatory>
            <readOnly>false</readOnly>
            <visible>true</visible>
            <dataType>
                <localResource exportedWithPermissions="false" xsi:type="dataType">
                    <folder>/bi_contabil/balancete_user_files/data_inicial_files</folder>
                    <name>myDatatype</name>
                    <version>0</version>
                    <label>myDatatype</label>
                    <creationDate>2019-09-12T01:51:40.000Z</creationDate>
                    <updateDate>2019-09-12T01:51:40.000Z</updateDate>
                    <type>3</type>
                    <strictMin>false</strictMin>
                    <strictMax>false</strictMax>
                </localResource>
            </dataType>
        </localResource>
    </inputControl>
    <inputControl>
        <localResource
            xmlns:xsi="http://www.w3.org/2001/XMLSchema-instance"
            exportedWithPermissions="false" xsi:type="inputControl">
            <folder>/bi_contabil/balancete_user_files</folder>
            <name>data_final</name>
            <version>1</version>
            <label>data_final</label>
            <creationDate>2019-09-12T01:51:40.000Z</creationDate>
            <updateDate>2019-09-12T01:51:40.000Z</updateDate>
            <type>2</type>
            <mandatory>false</mandatory>
            <readOnly>false</readOnly>
            <visible>true</visible>
            <dataType>
                <localResource exportedWithPermissions="false" xsi:type="dataType">
                    <folder>/bi_contabil/balancete_user_files/data_final_files</folder>
                    <name>myDatatype</name>
                    <version>0</version>
                    <label>myDatatype</label>
                    <creationDate>2019-09-12T01:51:40.000Z</creationDate>
                    <updateDate>2019-09-12T01:51:40.000Z</updateDate>
                    <type>3</type>
                    <strictMin>false</strictMin>
                    <strictMax>false</strictMax>
                </localResource>
            </dataType>
        </localResource>
    </inputControl>
    <inputControl>
        <localResource
            xmlns:xsi="http://www.w3.org/2001/XMLSchema-instance"
            exportedWithPermissions="false" xsi:type="inputControl">
            <folder>/bi_contabil/balancete_user_files</folder>
            <name>ano</name>
            <version>1</version>
            <label>ano</label>
            <creationDate>2019-09-12T01:51:40.000Z</creationDate>
            <updateDate>2019-09-12T01:51:40.000Z</updateDate>
            <type>2</type>
            <mandatory>false</mandatory>
            <readOnly>false</readOnly>
            <visible>true</visible>
            <dataType>
                <localResource exportedWithPermissions="false" xsi:type="dataType">
                    <folder>/bi_contabil/balancete_user_files/ano_files</folder>
                    <name>myDatatype</name>
                    <version>0</version>
                    <label>myDatatype</label>
                    <creationDate>2019-09-12T01:51:40.000Z</creationDate>
                    <updateDate>2019-09-12T01:51:40.000Z</updateDate>
                    <type>2</type>
                    <strictMin>false</strictMin>
                    <strictMax>false</strictMax>
                </localResource>
            </dataType>
        </localResource>
    </inputControl>
    <inputControl>
        <localResource
            xmlns:xsi="http://www.w3.org/2001/XMLSchema-instance"
            exportedWithPermissions="false" xsi:type="inputControl">
            <folder>/bi_contabil/balancete_user_files</folder>
            <name>exibe_previsoes</name>
            <version>1</version>
            <label>exibe_previsoes</label>
            <creationDate>2019-09-12T01:51:40.000Z</creationDate>
            <updateDate>2019-09-12T01:51:40.000Z</updateDate>
            <type>1</type>
            <mandatory>false</mandatory>
            <readOnly>false</readOnly>
            <visible>true</visible>
        </localResource>
    </inputControl>
    <alwaysPromptControls>true</alwaysPromptControls>
    <controlsLayout>1</controlsLayout>
</reportUnit>
