<?xml version="1.0" encoding="UTF-8"?>
<jdbcDataSource exportedWithPermissions="false">
    <folder>/conexoes_banco</folder>
    <name>diario_unificado</name>
    <version>3</version>
    <label>diario_unificado</label>
    <description>Conexão direta ao banco de dados do diário unificado</description>
    <creationDate>2019-08-10T22:34:18.000Z</creationDate>
    <updateDate>2019-09-11T23:18:02.000Z</updateDate>
    <driver>org.mariadb.jdbc.Driver</driver>
    <connectionUrl>jdbc:mysql://10.10.55.2:3306/nasajon?tinyInt1isBit=false</connectionUrl>
    <connectionUser>root</connectionUser>
    <connectionPassword>ENC&lt;441EF90FB19BE5C3E4B322E91A8E89B5&gt;</connectionPassword>
    <timezone></timezone>
</jdbcDataSource>
